{"UUID":"ZcW9V6ZvpiOtOR136Lg7P7","layoutMainAxisSizing":null,"layoutCrossAxisSizing":null,"name":"Untitled","isVisible":true,"boundaryRectangle":null,"style":null,"prototypeNodeUUID":null,"child":null,"constraints":null,"debug":false,"pngPath":"/usr/src/app/temp-out/pb-tmp-c18d7373-ec04-4b23-b386-c06cdc6aee02/hrm_final/lib/assets/images","pages":[{"UUID":"0:1","layoutMainAxisSizing":null,"layoutCrossAxisSizing":null,"name":"Page 1","isVisible":true,"boundaryRectangle":null,"style":null,"prototypeNodeUUID":null,"child":null,"constraints":null,"convert":true,"screens":[{"UUID":"0:5","layoutMainAxisSizing":null,"layoutCrossAxisSizing":null,"name":"MyAppScreen","boundaryRectangle":null,"style":null,"prototypeNodeUUID":null,"child":null,"constraints":null,"convert":true,"imageURI":null,"pbdlType":"screen","designNode":{"UUID":"0:5","layoutMainAxisSizing":"INHERIT","layoutCrossAxisSizing":"INHERIT","name":"MyAppScreen","isVisible":true,"style":{"UUID":"","layoutMainAxisSizing":null,"layoutCrossAxisSizing":null,"name":"","isVisible":true,"boundaryRectangle":null,"style":null,"prototypeNodeUUID":"","child":null,"constraints":null,"fills":[{"gradientStops":null,"gradientHandlePositions":[],"imageRef":null,"color":{"a":1.0,"r":1.0,"g":1.0,"b":1.0},"opacity":100,"blendMode":"NORMAL","type":"SOLID","isEnabled":true}],"borderOptions":{"borders":[],"strokeWeight":1.0,"strokeAlign":"INSIDE","strokeJoin":null,"strokeDashes":null,"cornerRadius":null},"effects":[],"textStyle":null,"clipsContent":true,"pbdlType":"style"},"prototypeNodeUUID":null,"child":null,"constraints":null,"backgroundColor":{"a":1.0,"r":1.0,"g":1.0,"b":1.0},"boundaryRectangle":{"constrainProportions":false,"constraints":null,"height":812.0,"width":375.0,"x":-187.0,"y":-406.0,"z":0.0,"type":"boundaryBox"},"isFlowHome":false,"pbdlType":"artboard","children":[{"UUID":"0:6","layoutMainAxisSizing":"INHERIT","layoutCrossAxisSizing":"INHERIT","name":"Header","isVisible":true,"boundaryRectangle":{"constrainProportions":false,"constraints":null,"height":95.0,"width":375.0,"x":-187.0,"y":-406.0,"z":0.0,"type":"boundaryBox"},"style":{"UUID":"","layoutMainAxisSizing":null,"layoutCrossAxisSizing":null,"name":"","isVisible":true,"boundaryRectangle":null,"style":null,"prototypeNodeUUID":"","child":null,"constraints":null,"fills":[{"gradientStops":null,"gradientHandlePositions":[],"imageRef":null,"color":{"a":1.0,"r":1.0,"g":1.0,"b":1.0},"opacity":100,"blendMode":"NORMAL","type":"SOLID","isEnabled":false}],"borderOptions":{"borders":[],"strokeWeight":1.0,"strokeAlign":"INSIDE","strokeJoin":null,"strokeDashes":null,"cornerRadius":null},"effects":[],"textStyle":null,"clipsContent":false,"pbdlType":"style"},"prototypeNodeUUID":null,"constraints":{"pinLeft":true,"pinRight":true,"pinTop":true,"pinBottom":false,"fixedHeight":true,"fixedWidth":false},"children":[{"UUID":"0:7","layoutMainAxisSizing":"INHERIT","layoutCrossAxisSizing":"INHERIT","name":"background","isVisible":true,"boundaryRectangle":{"constrainProportions":false,"constraints":null,"height":95.0,"width":375.0,"x":-187.0,"y":-406.0,"z":0.0,"type":"boundaryBox"},"child":null,"constraints":{"pinLeft":true,"pinRight":true,"pinTop":true,"pinBottom":false,"fixedHeight":true,"fixedWidth":false},"style":{"UUID":"","layoutMainAxisSizing":null,"layoutCrossAxisSizing":null,"name":"","isVisible":true,"boundaryRectangle":null,"style":null,"prototypeNodeUUID":"","child":null,"constraints":null,"fills":[{"gradientStops":[{"color":{"a":1.0,"r":0.2078431397676468,"g":0.5960784554481506,"b":0.9843137264251709},"position":0.0},{"color":{"a":1.0,"r":0.21176470816135406,"g":0.33725491166114807,"b":0.7647058963775635},"position":1.0}],"gradientHandlePositions":[{"x":1.5,"y":0.5},{"x":0.5,"y":-0.5},{"x":2.0,"y":0.0}],"imageRef":null,"color":null,"opacity":100,"blendMode":"NORMAL","type":"GRADIENT_LINEAR","isEnabled":false},{"gradientStops":null,"gradientHandlePositions":[],"imageRef":null,"color":{"a":1.0,"r":0.2078431397676468,"g":0.5960784554481506,"b":0.9843137264251709},"opacity":100,"blendMode":"NORMAL","type":"SOLID","isEnabled":true}],"borderOptions":{"borders":[{"blendMode":"NORMAL","type":"SOLID","color":{"a":1.0,"r":0.5920000076293945,"g":0.5920000076293945,"b":0.5920000076293945},"visible":false}],"strokeWeight":0.0,"strokeAlign":"CENTER","strokeJoin":null,"strokeDashes":null,"cornerRadius":null},"effects":[],"textStyle":null,"clipsContent":null,"pbdlType":"style"},"imageReference":"images/background.png","prototypeNodeUUID":null,"pbdlType":"image"},{"UUID":"0:8","layoutMainAxisSizing":"INHERIT","layoutCrossAxisSizing":"INHERIT","name":"Header Text ","isVisible":true,"boundaryRectangle":{"constrainProportions":false,"constraints":null,"height":26.0,"width":266.0,"x":-129.0,"y":-358.0,"z":1.0,"type":"boundaryBox"},"style":{"UUID":"","layoutMainAxisSizing":null,"layoutCrossAxisSizing":null,"name":"","isVisible":true,"boundaryRectangle":null,"style":null,"prototypeNodeUUID":"","child":null,"constraints":null,"fills":[{"gradientStops":null,"gradientHandlePositions":[],"imageRef":null,"color":{"a":1.0,"r":1.0,"g":1.0,"b":1.0},"opacity":100,"blendMode":"NORMAL","type":"SOLID","isEnabled":true}],"borderOptions":{"borders":[],"strokeWeight":0.0,"strokeAlign":"CENTER","strokeJoin":null,"strokeDashes":null,"cornerRadius":null},"effects":[],"textStyle":{"UUID":"","layoutMainAxisSizing":null,"layoutCrossAxisSizing":null,"name":"","isVisible":false,"boundaryRectangle":null,"style":null,"prototypeNodeUUID":"","child":null,"constraints":null,"fontFamily":"Sora","fontPostScriptName":"Sora-Regular","paragraphSpacing":0,"paragraphIndent":0,"listSpacing":0,"italics":null,"fontWeight":400,"fontSize":21.0,"textCase":"ORIGINAL","textDecoration":"NONE","textAutoResize":"WIDTH_AND_HEIGHT","textAlignHorizontal":"CENTER","textAlignVertical":"TOP","letterSpacing":0.0,"fills":null,"hyperLink":null,"opentypeFlags":{},"lineHeightPx":24.609375,"lineHeightPercent":100.0,"lineHeightPercentFontSize":null,"lineHeightUnit":"INTRINSIC_%","pbdlType":"text_style"},"clipsContent":null,"pbdlType":"style"},"prototypeNodeUUID":null,"child":null,"constraints":{"pinLeft":true,"pinRight":true,"pinTop":true,"pinBottom":false,"fixedHeight":true,"fixedWidth":false},"pbdlType":"text","content":"Flutter Demo Home Page"}],"pbdlType":"frame","fixedRadius":null,"background":null,"autoLayoutOptions":null},{"UUID":"0:9","layoutMainAxisSizing":"INHERIT","layoutCrossAxisSizing":"INHERIT","name":"Counter Button<custom>","isVisible":true,"boundaryRectangle":{"constrainProportions":false,"constraints":null,"height":70.0,"width":70.0,"x":96.0,"y":317.0,"z":1.0,"type":"boundaryBox"},"style":{"UUID":"","layoutMainAxisSizing":null,"layoutCrossAxisSizing":null,"name":"","isVisible":true,"boundaryRectangle":null,"style":null,"prototypeNodeUUID":"","child":null,"constraints":null,"fills":[{"gradientStops":null,"gradientHandlePositions":[],"imageRef":null,"color":{"a":1.0,"r":1.0,"g":1.0,"b":1.0},"opacity":100,"blendMode":"NORMAL","type":"SOLID","isEnabled":false}],"borderOptions":{"borders":[],"strokeWeight":1.0,"strokeAlign":"INSIDE","strokeJoin":null,"strokeDashes":null,"cornerRadius":null},"effects":[],"textStyle":null,"clipsContent":false,"pbdlType":"style"},"prototypeNodeUUID":null,"constraints":{"pinLeft":false,"pinRight":true,"pinTop":false,"pinBottom":true,"fixedHeight":true,"fixedWidth":true},"children":[{"UUID":"0:10","layoutMainAxisSizing":"INHERIT","layoutCrossAxisSizing":"INHERIT","name":"Ellipse 1","isVisible":true,"boundaryRectangle":{"constrainProportions":false,"constraints":null,"height":70.0,"width":70.0,"x":96.0,"y":317.0,"z":0.0,"type":"boundaryBox"},"child":null,"constraints":{"pinLeft":false,"pinRight":false,"pinTop":false,"pinBottom":false,"fixedHeight":false,"fixedWidth":false},"style":{"UUID":"","layoutMainAxisSizing":null,"layoutCrossAxisSizing":null,"name":"","isVisible":true,"boundaryRectangle":null,"style":null,"prototypeNodeUUID":"","child":null,"constraints":null,"fills":[{"gradientStops":null,"gradientHandlePositions":[],"imageRef":null,"color":{"a":1.0,"r":0.4074966311454773,"g":0.6766649484634399,"b":0.9458333253860474},"opacity":100,"blendMode":"NORMAL","type":"SOLID","isEnabled":true}],"borderOptions":{"borders":[],"strokeWeight":1.0,"strokeAlign":"INSIDE","strokeJoin":null,"strokeDashes":null,"cornerRadius":null},"effects":[],"textStyle":null,"clipsContent":null,"pbdlType":"style"},"imageReference":"images/ellipse1.png","prototypeNodeUUID":null,"pbdlType":"image"},{"UUID":"2:4","layoutMainAxisSizing":"INHERIT","layoutCrossAxisSizing":"INHERIT","name":"Vector","isVisible":true,"boundaryRectangle":{"constrainProportions":false,"constraints":null,"height":43.0,"width":31.7313232421875,"x":115.0,"y":330.0,"z":1.0,"type":"boundaryBox"},"child":null,"constraints":{"pinLeft":false,"pinRight":false,"pinTop":false,"pinBottom":false,"fixedHeight":false,"fixedWidth":false},"style":{"UUID":"","layoutMainAxisSizing":null,"layoutCrossAxisSizing":null,"name":"","isVisible":true,"boundaryRectangle":null,"style":null,"prototypeNodeUUID":"","child":null,"constraints":null,"fills":[{"gradientStops":null,"gradientHandlePositions":[],"imageRef":null,"color":{"a":1.0,"r":0.07455563545227051,"g":0.30651968717575073,"b":0.7333333492279053},"opacity":100,"blendMode":"NORMAL","type":"SOLID","isEnabled":true}],"borderOptions":{"borders":[],"strokeWeight":1.25,"strokeAlign":"INSIDE","strokeJoin":null,"strokeDashes":null,"cornerRadius":null},"effects":[],"textStyle":null,"clipsContent":null,"pbdlType":"style"},"imageReference":"images/vector.svg","prototypeNodeUUID":null,"pbdlType":"image"}],"pbdlType":"frame","fixedRadius":null,"background":null,"autoLayoutOptions":null},{"UUID":"0:12","layoutMainAxisSizing":"INHERIT","layoutCrossAxisSizing":"INHERIT","name":"Current Heartbeat","isVisible":true,"boundaryRectangle":{"constrainProportions":false,"constraints":null,"height":95.0,"width":286.0,"x":-143.0,"y":-21.0,"z":2.0,"type":"boundaryBox"},"style":{"UUID":"","layoutMainAxisSizing":null,"layoutCrossAxisSizing":null,"name":"","isVisible":true,"boundaryRectangle":null,"style":null,"prototypeNodeUUID":"","child":null,"constraints":null,"fills":[{"gradientStops":null,"gradientHandlePositions":[],"imageRef":null,"color":{"a":1.0,"r":0.0,"g":0.0,"b":0.0},"opacity":0.6299999952316284,"blendMode":"NORMAL","type":"SOLID","isEnabled":true}],"borderOptions":{"borders":[],"strokeWeight":1.0,"strokeAlign":"OUTSIDE","strokeJoin":null,"strokeDashes":null,"cornerRadius":null},"effects":[],"textStyle":{"UUID":"","layoutMainAxisSizing":null,"layoutCrossAxisSizing":null,"name":"","isVisible":false,"boundaryRectangle":null,"style":null,"prototypeNodeUUID":"","child":null,"constraints":null,"fontFamily":"Sanchez","fontPostScriptName":"Sanchez-Regular","paragraphSpacing":0,"paragraphIndent":0,"listSpacing":0,"italics":null,"fontWeight":400,"fontSize":21.0,"textCase":"ORIGINAL","textDecoration":"NONE","textAutoResize":"NONE","textAlignHorizontal":"CENTER","textAlignVertical":"TOP","letterSpacing":0.0,"fills":null,"hyperLink":null,"opentypeFlags":{},"lineHeightPx":24.609375,"lineHeightPercent":100.0,"lineHeightPercentFontSize":null,"lineHeightUnit":"INTRINSIC_%","pbdlType":"text_style"},"clipsContent":null,"pbdlType":"style"},"prototypeNodeUUID":null,"child":null,"constraints":{"pinLeft":false,"pinRight":false,"pinTop":true,"pinBottom":false,"fixedHeight":true,"fixedWidth":true},"pbdlType":"text","content":"Current Heartbeat"},{"UUID":"0:3","layoutMainAxisSizing":"INHERIT","layoutCrossAxisSizing":"INHERIT","name":"CounterValueHolder<custom>","isVisible":true,"boundaryRectangle":{"constrainProportions":false,"constraints":null,"height":29.0,"width":136.0,"x":-68.0,"y":12.0,"z":3.0,"type":"boundaryBox"},"style":{"UUID":"","layoutMainAxisSizing":null,"layoutCrossAxisSizing":null,"name":"","isVisible":true,"boundaryRectangle":null,"style":null,"prototypeNodeUUID":"","child":null,"constraints":null,"fills":[{"gradientStops":null,"gradientHandlePositions":[],"imageRef":null,"color":{"a":1.0,"r":1.0,"g":1.0,"b":1.0},"opacity":100,"blendMode":"NORMAL","type":"SOLID","isEnabled":false}],"borderOptions":{"borders":[],"strokeWeight":1.0,"strokeAlign":"INSIDE","strokeJoin":null,"strokeDashes":null,"cornerRadius":null},"effects":[],"textStyle":null,"clipsContent":false,"pbdlType":"style"},"prototypeNodeUUID":null,"child":null,"constraints":{"pinLeft":false,"pinRight":false,"pinTop":true,"pinBottom":false,"fixedHeight":true,"fixedWidth":true},"symbolID":"0:3","overrideProperties":null,"children":[{"UUID":"I0:13;3:2","layoutMainAxisSizing":"INHERIT","layoutCrossAxisSizing":"INHERIT","name":"Value","isVisible":true,"boundaryRectangle":{"constrainProportions":false,"constraints":null,"height":29.0,"width":136.0,"x":-68.0,"y":12.0,"z":0.0,"type":"boundaryBox"},"style":{"UUID":"","layoutMainAxisSizing":null,"layoutCrossAxisSizing":null,"name":"","isVisible":true,"boundaryRectangle":null,"style":null,"prototypeNodeUUID":"","child":null,"constraints":null,"fills":[{"gradientStops":null,"gradientHandlePositions":[],"imageRef":null,"color":{"a":1.0,"r":0.0,"g":0.0,"b":0.0},"opacity":100,"blendMode":"NORMAL","type":"SOLID","isEnabled":true}],"borderOptions":{"borders":[],"strokeWeight":1.0,"strokeAlign":"OUTSIDE","strokeJoin":null,"strokeDashes":null,"cornerRadius":null},"effects":[],"textStyle":{"UUID":"","layoutMainAxisSizing":null,"layoutCrossAxisSizing":null,"name":"","isVisible":false,"boundaryRectangle":null,"style":null,"prototypeNodeUUID":"","child":null,"constraints":null,"fontFamily":"Sanchez","fontPostScriptName":"Sanchez-Regular","paragraphSpacing":0,"paragraphIndent":0,"listSpacing":0,"italics":null,"fontWeight":400,"fontSize":32.0,"textCase":"ORIGINAL","textDecoration":"NONE","textAutoResize":"NONE","textAlignHorizontal":"CENTER","textAlignVertical":"TOP","letterSpacing":0.0,"fills":null,"hyperLink":null,"opentypeFlags":{},"lineHeightPx":37.5,"lineHeightPercent":100.0,"lineHeightPercentFontSize":null,"lineHeightUnit":"INTRINSIC_%","pbdlType":"text_style"},"clipsContent":null,"pbdlType":"style"},"prototypeNodeUUID":null,"child":null,"constraints":{"pinLeft":false,"pinRight":false,"pinTop":false,"pinBottom":false,"fixedHeight":false,"fixedWidth":false},"pbdlType":"text","content":"0"}],"pbdlType":"shared_master","componentSetName":null,"sharedNodeSetID":"0:3"}]},"isVisible":true}],"pbdlType":"page"}],"miscPages":[],"sharedStyles":[],"globalStyles":{"UUID":"","layoutMainAxisSizing":null,"layoutCrossAxisSizing":null,"name":"","isVisible":false,"boundaryRectangle":null,"style":null,"prototypeNodeUUID":null,"child":null,"constraints":null,"pbdlType":"global_styles","colors":[],"textStyles":[]},"pbdlType":"project"}